{"cik":"0001391219","entityType":"other","sic":"","sicDescription":"","ownerOrg":null,"insiderTransactionForOwnerExists":0,"insiderTransactionForIssuerExists":0,"name":"Claymore Securities Defined Portfolios, Series 390","tickers":[],"exchanges":[],"ein":"481175174","lei":null,"description":"","website":"","investorWebsite":"","category":"","fiscalYearEnd":"1231","stateOfIncorporation":"KS","stateOfIncorporationDescription":"KS","addresses":{"mailing":{"street1":"2455 CORPORATE WEST DRIVE","street2":null,"city":"LISLE","stateOrCountry":"IL","zipCode":"60532","stateOrCountryDescription":"IL","isForeignLocation":null,"foreignStateTerritory":null,"country":null,"countryCode":null},"business":{"street1":"2455 CORPORATE WEST DRIVE","street2":null,"city":"LISLE","stateOrCountry":"IL","zipCode":"60532","stateOrCountryDescription":"IL","isForeignLocation":null,"foreignStateTerritory":null,"country":null,"countryCode":null}},"phone":"630-577-2267","flags":"","formerNames":[],"filings":{"recent":{"accessionNumber":["0001435517-08-000017","0000891804-07-001625","0000891804-07-001622","0000891804-07-001045"],"filingDate":["2008-07-30","2007-05-31","2007-05-30","2007-04-13"],"reportDate":["2008-04-30","","",""],"acceptanceDateTime":["2008-07-30T10:38:06.000Z","2007-05-31T14:00:26.000Z","2007-05-30T14:01:01.000Z","2007-04-13T13:50:20.000Z"],"act":["33","33","33","33"],"form":["24F-2NT","497J","487","S-6"],"fileNumber":["333-142091","333-142091","333-142091","333-142091"],"filmNumber":["08977672","07890348","07886733","07765375"],"items":["","","",""],"core_type":["24F-2NT","497J","487","S-6"],"size":[6234,2754,291237,13964],"isXBRL":[0,0,0,0],"isInlineXBRL":[0,0,0,0],"primaryDocument":["r333-142091.txt","file001.txt","file003.txt","file002.txt"],"primaryDocDescription":["ANNUAL NOTICE OF SECURITIES SOLD","DEFINITIVE FILING","CLAYMORE SECURITIES DEFINED PORTFOLIOS, SERIES 390","CLAYMORE SECURITIES DEFINED PORTFOLIOS, SERIES 390"]},"files":[]}}