{"cik":"0001550953","entityType":"other","sic":"","sicDescription":"","ownerOrg":null,"insiderTransactionForOwnerExists":0,"insiderTransactionForIssuerExists":0,"name":"Phineus Master Fund, Ltd.","tickers":[],"exchanges":[],"ein":"980648926","lei":null,"description":"","website":"","investorWebsite":"","category":"","fiscalYearEnd":"1231","stateOfIncorporation":"E9","stateOfIncorporationDescription":"Cayman Islands","addresses":{"mailing":{"street1":"C/O PHINEUS PARTNERS, L.P.","street2":"251 POST STREET, SUITE 500","city":"SAN FRANCISCO","stateOrCountry":"CA","zipCode":"94108","stateOrCountryDescription":"CA","isForeignLocation":null,"foreignStateTerritory":null,"country":null,"countryCode":null},"business":{"street1":"C/O MAPLES CORPORATE SERVICES LIMITED","street2":"UGLAND HOUSE, SOUTH CHURCH ST.","city":"GRAND CAYMAN","stateOrCountry":"E9","zipCode":"KY1-1104","stateOrCountryDescription":"Cayman Islands","isForeignLocation":null,"foreignStateTerritory":null,"country":null,"countryCode":null}},"phone":"415.990.1586","flags":"","formerNames":[],"filings":{"recent":{"accessionNumber":["0001550953-15-000001","0001550953-14-000002","0001550953-13-000001","0001550953-12-000001"],"filingDate":["2015-04-23","2014-05-28","2013-05-29","2012-06-01"],"reportDate":["","","",""],"acceptanceDateTime":["2015-04-23T16:33:27.000Z","2014-05-28T13:14:14.000Z","2013-05-29T14:25:35.000Z","2012-06-01T15:17:49.000Z"],"act":["33","33","33","33"],"form":["D/A","D/A","D/A","D"],"fileNumber":["021-179147","021-179147","021-179147","021-179147"],"filmNumber":["15788837","14872084","13877834","12883097"],"items":["06b,3C,3C.1","06b,3C,3C.1","06,3C,3C.1","06,3C,3C.1"],"core_type":["D/A","D/A","D/A","D"],"size":[7349,7348,7384,7289],"isXBRL":[0,0,0,0],"isInlineXBRL":[0,0,0,0],"primaryDocument":["xslFormDX01/primary_doc.xml","xslFormDX01/primary_doc.xml","xslFormDX01/primary_doc.xml","xslFormDX01/primary_doc.xml"],"primaryDocDescription":["","","",""]},"files":[]}}